{
    "cutoff_freq": 142.59099,
    "resonance": 4.25097,
    "A": 0.26849,
    "D": 50.4155,
    "S": 41.70723,
    "R": 34.9173,
    "waveform": "triangle"
}